[{"id":"6285876870018@s.whatsapp.net","uang":5660},{"id":"6282339320969@s.whatsapp.net","uang":0},{"id":"6281213155925@s.whatsapp.net","uang":10206},{"id":"6281271923672@s.whatsapp.net","uang":7905},{"id":"6281477084784@s.whatsapp.net","uang":573},{"id":"6281232164942@s.whatsapp.net","uang":654},{"id":"60184061579@s.whatsapp.net","uang":0},{"id":"62859162655134@s.whatsapp.net","uang":0},{"id":"6281377507292@s.whatsapp.net","uang":846},{"id":"6283109391179@s.whatsapp.net","uang":0},{"id":"6285866295942@s.whatsapp.net","uang":6355},{"id":"6287852772596@s.whatsapp.net","uang":379},{"id":"6283865755798@s.whatsapp.net","uang":191},{"id":"6281337348789@s.whatsapp.net","uang":0},{"id":"6283806369677@s.whatsapp.net","uang":16855},{"id":"6287803054666@s.whatsapp.net","uang":0},{"id":"6283155782265@s.whatsapp.net","uang":1133},{"id":"6285524760692@s.whatsapp.net","uang":5610},{"id":"6285727093196@s.whatsapp.net","uang":0},{"id":"6287731131987@s.whatsapp.net","uang":191},{"id":"62895429950899@s.whatsapp.net","uang":463},{"id":"62895811038686@s.whatsapp.net","uang":0},{"id":"6285229715011@s.whatsapp.net","uang":189},{"id":"628816381719@s.whatsapp.net","uang":0},{"id":"6289630267618@s.whatsapp.net","uang":1597},{"id":"6289523047504@s.whatsapp.net","uang":12392},{"id":"6285703279535@s.whatsapp.net","uang":10342},{"id":"6287840685413@s.whatsapp.net","uang":8849},{"id":"6282127287206@s.whatsapp.net","uang":1163},{"id":"6288806284095@s.whatsapp.net","uang":475},{"id":"6285707751877@s.whatsapp.net","uang":0},{"id":"6285813059261@s.whatsapp.net","uang":3234},{"id":"6281226591437@s.whatsapp.net","uang":0},{"id":"6283162900267@s.whatsapp.net","uang":3697},{"id":"6282187897746@s.whatsapp.net","uang":11600},{"id":"6281527957071@s.whatsapp.net","uang":0},{"id":"6285891095377@s.whatsapp.net","uang":847},{"id":"6285951520956@s.whatsapp.net","uang":3580},{"id":"6283178220021@s.whatsapp.net","uang":285},{"id":"6285813661529@s.whatsapp.net","uang":559},{"id":"6283153406600@s.whatsapp.net","uang":385},{"id":"6285790678945@s.whatsapp.net","uang":0},{"id":"6289643661909@s.whatsapp.net","uang":0},{"id":"6285882030096@s.whatsapp.net","uang":2628},{"id":"6285798877460@s.whatsapp.net","uang":3857},{"id":"6285741995317@s.whatsapp.net","uang":475},{"id":"6285656710845@s.whatsapp.net","uang":481},{"id":"6281390206511@s.whatsapp.net","uang":1973},{"id":"6281296869914@s.whatsapp.net","uang":1509},{"id":"6285101604912@s.whatsapp.net","uang":1142},{"id":"6285767632584@s.whatsapp.net","uang":1903},{"id":"6281253788742@s.whatsapp.net","uang":2096},{"id":"6281368646011@s.whatsapp.net","uang":3609},{"id":"6282331998091@s.whatsapp.net","uang":2371},{"id":"62895322213163@s.whatsapp.net","uang":0},{"id":"558287515844@s.whatsapp.net","uang":94},{"id":"558287515844@s.whatsapp.net","uang":282},{"id":"558287515844@s.whatsapp.net","uang":0},{"id":"558287515844@s.whatsapp.net","uang":0}]